pair_type,video_id,frame_a,frame_b,image_id_a,image_id_b,gt_track_id_a,gt_track_id_b,team_a,team_b,role_a,role_b,bbox_a,bbox_b,image_path_a,image_path_b,cosine_distance,euclidean_distance,strongsort_distance,crop_a,crop_b,pair_image
different_id_same_team,SNGS-046,316,363,2046000317,2046000364,9,6,left,left,player,player,"1388.000,212.000,32.000,65.000","1210.000,373.000,44.000,73.000",/remote-home/haolinyang/datasets/SN-GSR-2024/SoccerNetGS/valid/SNGS-046/img1/000317.jpg,/remote-home/haolinyang/datasets/SN-GSR-2024/SoccerNetGS/valid/SNGS-046/img1/000364.jpg,0.014303267002105713,0.5909042358398438,0.08456741273403168,research/reid_identity_separability/bad_cases/confusing_different_01_crop_a.jpg,research/reid_identity_separability/bad_cases/confusing_different_01_crop_b.jpg,research/reid_identity_separability/bad_cases/confusing_different_01_pair.jpg
different_id_same_team,SNGS-051,133,384,2051000134,2051000385,3,21,right,right,player,player,"86.000,869.000,49.000,107.000","551.000,769.000,37.000,101.000",/remote-home/haolinyang/datasets/SN-GSR-2024/SoccerNetGS/valid/SNGS-051/img1/000134.jpg,/remote-home/haolinyang/datasets/SN-GSR-2024/SoccerNetGS/valid/SNGS-051/img1/000385.jpg,0.018287181854248047,0.6174865961074829,0.09562240540981293,research/reid_identity_separability/bad_cases/confusing_different_02_crop_a.jpg,research/reid_identity_separability/bad_cases/confusing_different_02_crop_b.jpg,research/reid_identity_separability/bad_cases/confusing_different_02_pair.jpg
different_id_same_team,SNGS-045,322,410,2045000323,2045000411,19,15,left,left,player,player,"1011.000,957.000,57.000,122.000","982.000,734.000,42.000,117.000",/remote-home/haolinyang/datasets/SN-GSR-2024/SoccerNetGS/valid/SNGS-045/img1/000323.jpg,/remote-home/haolinyang/datasets/SN-GSR-2024/SoccerNetGS/valid/SNGS-045/img1/000411.jpg,0.019351840019226074,0.6865866780281067,0.09836655855178833,research/reid_identity_separability/bad_cases/confusing_different_03_crop_a.jpg,research/reid_identity_separability/bad_cases/confusing_different_03_crop_b.jpg,research/reid_identity_separability/bad_cases/confusing_different_03_pair.jpg
different_id_same_team,SNGS-048,147,543,2048000148,2048000544,18,22,left,left,player,player,"558.000,648.000,24.000,75.000","174.000,829.000,49.000,127.000",/remote-home/haolinyang/datasets/SN-GSR-2024/SoccerNetGS/valid/SNGS-048/img1/000148.jpg,/remote-home/haolinyang/datasets/SN-GSR-2024/SoccerNetGS/valid/SNGS-048/img1/000544.jpg,0.020600080490112305,0.6399335265159607,0.10148919373750687,research/reid_identity_separability/bad_cases/confusing_different_04_crop_a.jpg,research/reid_identity_separability/bad_cases/confusing_different_04_crop_b.jpg,research/reid_identity_separability/bad_cases/confusing_different_04_pair.jpg
different_id_same_team,SNGS-048,234,245,2048000235,2048000246,4,18,left,left,player,player,"1293.000,612.000,36.000,73.000","699.000,721.000,47.000,91.000",/remote-home/haolinyang/datasets/SN-GSR-2024/SoccerNetGS/valid/SNGS-048/img1/000235.jpg,/remote-home/haolinyang/datasets/SN-GSR-2024/SoccerNetGS/valid/SNGS-048/img1/000246.jpg,0.021237611770629883,0.642133355140686,0.10304756462574005,research/reid_identity_separability/bad_cases/confusing_different_05_crop_a.jpg,research/reid_identity_separability/bad_cases/confusing_different_05_crop_b.jpg,research/reid_identity_separability/bad_cases/confusing_different_05_pair.jpg
different_id_same_team,SNGS-051,102,417,2051000103,2051000418,3,21,right,right,player,player,"130.000,874.000,44.000,105.000","460.000,801.000,39.000,112.000",/remote-home/haolinyang/datasets/SN-GSR-2024/SoccerNetGS/valid/SNGS-051/img1/000103.jpg,/remote-home/haolinyang/datasets/SN-GSR-2024/SoccerNetGS/valid/SNGS-051/img1/000418.jpg,0.02170497179031372,0.6422491669654846,0.10417526215314865,research/reid_identity_separability/bad_cases/confusing_different_06_crop_a.jpg,research/reid_identity_separability/bad_cases/confusing_different_06_crop_b.jpg,research/reid_identity_separability/bad_cases/confusing_different_06_pair.jpg
different_id_same_team,SNGS-045,304,305,2045000305,2045000306,7,19,left,left,player,player,"649.000,897.000,48.000,134.000","1263.000,931.000,57.000,122.000",/remote-home/haolinyang/datasets/SN-GSR-2024/SoccerNetGS/valid/SNGS-045/img1/000305.jpg,/remote-home/haolinyang/datasets/SN-GSR-2024/SoccerNetGS/valid/SNGS-045/img1/000306.jpg,0.022862613201141357,0.7565931081771851,0.10691748559474945,research/reid_identity_separability/bad_cases/confusing_different_07_crop_a.jpg,research/reid_identity_separability/bad_cases/confusing_different_07_crop_b.jpg,research/reid_identity_separability/bad_cases/confusing_different_07_pair.jpg
different_id_same_team,SNGS-037,18,62,2037000019,2037000063,12,11,left,left,player,player,"395.000,484.000,69.000,117.000","929.000,542.000,59.000,137.000",/remote-home/haolinyang/datasets/SN-GSR-2024/SoccerNetGS/valid/SNGS-037/img1/000019.jpg,/remote-home/haolinyang/datasets/SN-GSR-2024/SoccerNetGS/valid/SNGS-037/img1/000063.jpg,0.02363675832748413,0.7387487292289734,0.10871254652738571,research/reid_identity_separability/bad_cases/confusing_different_08_crop_a.jpg,research/reid_identity_separability/bad_cases/confusing_different_08_crop_b.jpg,research/reid_identity_separability/bad_cases/confusing_different_08_pair.jpg
different_id_same_team,SNGS-036,457,475,2036000458,2036000476,5,2,left,left,player,player,"1426.000,465.000,46.000,100.000","1499.000,531.000,47.000,133.000",/remote-home/haolinyang/datasets/SN-GSR-2024/SoccerNetGS/valid/SNGS-036/img1/000458.jpg,/remote-home/haolinyang/datasets/SN-GSR-2024/SoccerNetGS/valid/SNGS-036/img1/000476.jpg,0.02379906177520752,0.7419347763061523,0.1090850681066513,research/reid_identity_separability/bad_cases/confusing_different_09_crop_a.jpg,research/reid_identity_separability/bad_cases/confusing_different_09_crop_b.jpg,research/reid_identity_separability/bad_cases/confusing_different_09_pair.jpg
different_id_same_team,SNGS-044,438,488,2044000439,2044000489,3,20,left,left,player,player,"253.000,684.000,46.000,118.000","1032.000,714.000,52.000,116.000",/remote-home/haolinyang/datasets/SN-GSR-2024/SoccerNetGS/valid/SNGS-044/img1/000439.jpg,/remote-home/haolinyang/datasets/SN-GSR-2024/SoccerNetGS/valid/SNGS-044/img1/000489.jpg,0.02389669418334961,0.7226923704147339,0.10930819809436798,research/reid_identity_separability/bad_cases/confusing_different_10_crop_a.jpg,research/reid_identity_separability/bad_cases/confusing_different_10_crop_b.jpg,research/reid_identity_separability/bad_cases/confusing_different_10_pair.jpg
different_id_same_team,SNGS-088,362,559,2088000363,2088000560,14,13,left,left,player,player,"1380.000,307.000,30.000,78.000","856.000,310.000,46.000,82.000",/remote-home/haolinyang/datasets/SN-GSR-2024/SoccerNetGS/valid/SNGS-088/img1/000363.jpg,/remote-home/haolinyang/datasets/SN-GSR-2024/SoccerNetGS/valid/SNGS-088/img1/000560.jpg,0.024256229400634766,0.7110824584960938,0.11012770235538483,research/reid_identity_separability/bad_cases/confusing_different_11_crop_a.jpg,research/reid_identity_separability/bad_cases/confusing_different_11_crop_b.jpg,research/reid_identity_separability/bad_cases/confusing_different_11_pair.jpg
different_id_same_team,SNGS-045,431,522,2045000432,2045000523,15,19,left,left,player,player,"1169.000,701.000,42.000,117.000","1550.000,865.000,68.000,142.000",/remote-home/haolinyang/datasets/SN-GSR-2024/SoccerNetGS/valid/SNGS-045/img1/000432.jpg,/remote-home/haolinyang/datasets/SN-GSR-2024/SoccerNetGS/valid/SNGS-045/img1/000523.jpg,0.02425706386566162,0.6914961338043213,0.11012960225343704,research/reid_identity_separability/bad_cases/confusing_different_12_crop_a.jpg,research/reid_identity_separability/bad_cases/confusing_different_12_crop_b.jpg,research/reid_identity_separability/bad_cases/confusing_different_12_pair.jpg
different_id_same_team,SNGS-051,384,402,2051000385,2051000403,21,3,right,right,player,player,"551.000,769.000,37.000,101.000","1551.000,724.000,40.000,98.000",/remote-home/haolinyang/datasets/SN-GSR-2024/SoccerNetGS/valid/SNGS-051/img1/000385.jpg,/remote-home/haolinyang/datasets/SN-GSR-2024/SoccerNetGS/valid/SNGS-051/img1/000403.jpg,0.024696826934814453,0.6956347227096558,0.11112360656261444,research/reid_identity_separability/bad_cases/confusing_different_13_crop_a.jpg,research/reid_identity_separability/bad_cases/confusing_different_13_crop_b.jpg,research/reid_identity_separability/bad_cases/confusing_different_13_pair.jpg
different_id_same_team,SNGS-096,92,419,2096000093,2096000420,22,15,right,right,player,player,"1402.000,481.000,24.000,72.000","1728.000,431.000,27.000,63.000",/remote-home/haolinyang/datasets/SN-GSR-2024/SoccerNetGS/valid/SNGS-096/img1/000093.jpg,/remote-home/haolinyang/datasets/SN-GSR-2024/SoccerNetGS/valid/SNGS-096/img1/000420.jpg,0.025077998638153076,0.674846887588501,0.11197766661643982,research/reid_identity_separability/bad_cases/confusing_different_14_crop_a.jpg,research/reid_identity_separability/bad_cases/confusing_different_14_crop_b.jpg,research/reid_identity_separability/bad_cases/confusing_different_14_pair.jpg
different_id_same_team,SNGS-053,319,380,2053000320,2053000381,12,16,left,left,player,player,"793.000,444.000,37.000,81.000","1119.000,416.000,36.000,74.000",/remote-home/haolinyang/datasets/SN-GSR-2024/SoccerNetGS/valid/SNGS-053/img1/000320.jpg,/remote-home/haolinyang/datasets/SN-GSR-2024/SoccerNetGS/valid/SNGS-053/img1/000381.jpg,0.025134682655334473,0.7277217507362366,0.11210418492555618,research/reid_identity_separability/bad_cases/confusing_different_15_crop_a.jpg,research/reid_identity_separability/bad_cases/confusing_different_15_crop_b.jpg,research/reid_identity_separability/bad_cases/confusing_different_15_pair.jpg
different_id_same_team,SNGS-096,635,702,2096000636,2096000703,6,9,left,left,player,player,"1146.000,561.000,43.000,85.000","1074.000,408.000,64.000,91.000",/remote-home/haolinyang/datasets/SN-GSR-2024/SoccerNetGS/valid/SNGS-096/img1/000636.jpg,/remote-home/haolinyang/datasets/SN-GSR-2024/SoccerNetGS/valid/SNGS-096/img1/000703.jpg,0.02517533302307129,0.6891611218452454,0.11219443380832672,research/reid_identity_separability/bad_cases/confusing_different_16_crop_a.jpg,research/reid_identity_separability/bad_cases/confusing_different_16_crop_b.jpg,research/reid_identity_separability/bad_cases/confusing_different_16_pair.jpg
different_id_same_team,SNGS-087,32,443,2087000033,2087000444,2,19,right,right,player,player,"207.000,472.000,74.000,124.000","1403.000,724.000,101.000,150.000",/remote-home/haolinyang/datasets/SN-GSR-2024/SoccerNetGS/valid/SNGS-087/img1/000033.jpg,/remote-home/haolinyang/datasets/SN-GSR-2024/SoccerNetGS/valid/SNGS-087/img1/000444.jpg,0.025216519832611084,0.6908139586448669,0.11228641867637634,research/reid_identity_separability/bad_cases/confusing_different_17_crop_a.jpg,research/reid_identity_separability/bad_cases/confusing_different_17_crop_b.jpg,research/reid_identity_separability/bad_cases/confusing_different_17_pair.jpg
different_id_same_team,SNGS-059,219,341,2059000220,2059000342,21,15,right,right,player,player,"687.000,299.000,33.000,52.000","1095.000,231.000,31.000,64.000",/remote-home/haolinyang/datasets/SN-GSR-2024/SoccerNetGS/valid/SNGS-059/img1/000220.jpg,/remote-home/haolinyang/datasets/SN-GSR-2024/SoccerNetGS/valid/SNGS-059/img1/000342.jpg,0.025769412517547607,0.9018031358718872,0.1135108470916748,research/reid_identity_separability/bad_cases/confusing_different_18_crop_a.jpg,research/reid_identity_separability/bad_cases/confusing_different_18_crop_b.jpg,research/reid_identity_separability/bad_cases/confusing_different_18_pair.jpg
different_id_same_team,SNGS-045,283,316,2045000284,2045000317,7,19,left,left,player,player,"1023.000,899.000,59.000,138.000","1092.000,956.000,57.000,122.000",/remote-home/haolinyang/datasets/SN-GSR-2024/SoccerNetGS/valid/SNGS-045/img1/000284.jpg,/remote-home/haolinyang/datasets/SN-GSR-2024/SoccerNetGS/valid/SNGS-045/img1/000317.jpg,0.026041269302368164,0.7584192156791687,0.11410796642303467,research/reid_identity_separability/bad_cases/confusing_different_19_crop_a.jpg,research/reid_identity_separability/bad_cases/confusing_different_19_crop_b.jpg,research/reid_identity_separability/bad_cases/confusing_different_19_pair.jpg
different_id_same_team,SNGS-088,47,442,2088000048,2088000443,1,2,right,right,player,player,"1822.000,689.000,56.000,94.000","1794.000,504.000,56.000,109.000",/remote-home/haolinyang/datasets/SN-GSR-2024/SoccerNetGS/valid/SNGS-088/img1/000048.jpg,/remote-home/haolinyang/datasets/SN-GSR-2024/SoccerNetGS/valid/SNGS-088/img1/000443.jpg,0.026053965091705322,0.7421079277992249,0.11413565278053284,research/reid_identity_separability/bad_cases/confusing_different_20_crop_a.jpg,research/reid_identity_separability/bad_cases/confusing_different_20_crop_b.jpg,research/reid_identity_separability/bad_cases/confusing_different_20_pair.jpg
